ID,Target,Model 1 Prediction,Model 2 Prediction
1,2623,2664,2691
2,2423,2436,2367
3,2423,2399,2412
4,2448,2447,2440
5,2762,2847,2693
6,2435,2411,2493
7,2519,2516,2598
8,2772,2870,2814
9,2601,2586,2583
10,2422,2414,2485
11,2349,2407,2472
12,2515,2505,2584
13,2548,2581,2604
14,2281,2277,2309
15,2295,2280,2296
16,2570,2577,2612
17,2528,2510,2557
18,2342,2381,2421
19,2456,2452,2393
20,2451,2437,2479
21,2296,2307,2290
2,2405,2355,2490
23,2389,2418,2346
24,2629,2582,2647
25,2584,2564,2546
26,2658,2662,2759
27,2482,2492,2463
28,2471,2478,2403
29,2605,2620,2645
30,2442,2445,2478